index,time,rmse,r2,mae,lat,lon,TREFMXAV_U,y_pred,member,year,feature,model
0,1,1.3884342935442584,0.9899078951116278,1.0116866011230405,23.864050082247303,131.38944163884915,287.45444,287.5110333969977,18.000191078265306,2006_2015,CAM,FLAML
1,2,1.4390905055160688,0.9881433644898712,1.0601632936935341,23.86553375825392,131.38479379485656,289.0144,289.11259509281336,17.999836702794763,2006_2015,CAM,FLAML
2,3,1.4789832195085024,0.9835034188699575,1.0951923177703107,23.86494359062589,131.39260483145634,292.12427,292.1898569620561,17.99983992485562,2006_2015,CAM,FLAML
3,4,1.4467169238334534,0.9753979430900598,1.0750178477806713,23.864455680794578,131.38331360471076,295.45615,295.5156624874138,17.999929685615516,2006_2015,CAM,FLAML
4,5,1.3672923092829357,0.9656571852018779,1.0183683721362866,23.86554987161178,131.3837758598727,298.1175,298.1215458121869,17.99967328809741,2006_2015,CAM,FLAML
5,6,1.277147125501272,0.9642490562284601,0.9428713318724901,23.865744573617672,131.38372930523704,300.02936,300.031339759373,18.00015195874801,2006_2015,CAM,FLAML
6,7,1.2698832023325821,0.9632516341396432,0.9199772877968192,23.86559690821293,131.38393198697676,301.08163,301.0324558779504,17.999607952660995,2006_2015,CAM,FLAML
7,8,1.3541814085875743,0.9550499282895484,0.9702690313373628,23.864304278428968,131.3922270179964,300.7833,300.69055683142267,17.999811094096916,2006_2015,CAM,FLAML
8,9,1.4148097057046074,0.9547885385942613,1.0189809852181944,23.86499427675829,131.38385555194708,298.6372,298.55171427938836,17.999982934973982,2006_2015,CAM,FLAML
9,10,1.3847226980507112,0.9727250837828665,1.0072086113980385,23.864419571714787,131.38863995133747,295.40173,295.35227436994603,18.000163225326634,2006_2015,CAM,FLAML
10,11,1.326195140769722,0.984306509147665,0.9743832953955956,23.863986598906358,131.38583264395854,291.7552,291.74907151788915,18.000258809989262,2006_2015,CAM,FLAML
11,12,1.3415502076529333,0.989001564210943,0.9776269059378043,23.864371698393136,131.38675850868262,288.50873,288.52855247284,18.000548601901766,2006_2015,CAM,FLAML
0,1,0.9277317615796293,0.9954941581738692,0.6354975298789413,23.864050082247303,131.38944163884915,287.45444,287.4567667479702,18.000191078265306,2006_2015,CAM_loc,FLAML
1,2,0.8917721376868505,0.9954470482080995,0.629409916778704,23.86553375825392,131.38479379485656,289.0144,288.99586016702216,17.999836702794763,2006_2015,CAM_loc,FLAML
2,3,0.8883755950073855,0.9940480305582036,0.6366182938891097,23.86494359062589,131.39260483145634,292.12427,292.08030021527816,17.99983992485562,2006_2015,CAM_loc,FLAML
3,4,0.887542962121959,0.9907405953450106,0.6362297426302858,23.864455680794578,131.38331360471076,295.45615,295.44621473843074,17.999929685615516,2006_2015,CAM_loc,FLAML
4,5,0.8211629718378922,0.9876128367436288,0.5903585624537709,23.86554987161178,131.3837758598727,298.1175,298.0953302187162,17.99967328809741,2006_2015,CAM_loc,FLAML
5,6,0.746455033430811,0.9877872644741195,0.5395287428422755,23.865744573617672,131.38372930523704,300.02936,300.06237566179124,18.00015195874801,2006_2015,CAM_loc,FLAML
6,7,0.6925310003839562,0.9890707864409659,0.5001062342226699,23.86559690821293,131.38393198697676,301.08163,301.1293409509902,17.999607952660995,2006_2015,CAM_loc,FLAML
7,8,0.7006088154519692,0.9879682752006217,0.5027419623013454,23.864304278428968,131.3922270179964,300.7833,300.78839197238653,17.999811094096916,2006_2015,CAM_loc,FLAML
8,9,0.7553253892811272,0.9871139251165924,0.5394236296868511,23.86499427675829,131.38385555194708,298.6372,298.62567228211446,17.999982934973982,2006_2015,CAM_loc,FLAML
9,10,0.804861715792037,0.9907853181906405,0.575109283643751,23.864419571714787,131.38863995133747,295.40173,295.3857853586536,18.000163225326634,2006_2015,CAM_loc,FLAML
10,11,0.8377714052041069,0.993737384336759,0.596146674447136,23.863986598906358,131.38583264395854,291.7552,291.76397577623226,18.000258809989262,2006_2015,CAM_loc,FLAML
11,12,0.9027618681463994,0.9950196085925732,0.6222512276037732,23.864371698393136,131.38675850868262,288.50873,288.52973362650664,18.000548601901766,2006_2015,CAM_loc,FLAML
0,1,0.9504815142635262,0.9952704650279312,0.6485346775109543,23.864050082247303,131.38944163884915,287.45444,287.4508213511028,18.000191078265306,2006_2015,CAM_surf,FLAML
1,2,0.9152675243044581,0.9952039758725033,0.6439808480442054,23.86553375825392,131.38479379485656,289.0144,288.99424844709483,17.999836702794763,2006_2015,CAM_surf,FLAML
2,3,0.9135563161717069,0.9937058352942244,0.6530950498762839,23.86494359062589,131.39260483145634,292.12427,292.0825685756318,17.99983992485562,2006_2015,CAM_surf,FLAML
3,4,0.9139972936399068,0.9901803928256491,0.6537516029584527,23.864455680794578,131.38331360471076,295.45615,295.44942691711475,17.999929685615516,2006_2015,CAM_surf,FLAML
4,5,0.8457235627160028,0.9868607672113532,0.6066250411063916,23.86554987161178,131.3837758598727,298.1175,298.0960519695401,17.99967328809741,2006_2015,CAM_surf,FLAML
5,6,0.7673599589124666,0.9870936357391616,0.5534788752250343,23.865744573617672,131.38372930523704,300.02936,300.06712453801936,18.00015195874801,2006_2015,CAM_surf,FLAML
6,7,0.711406700675783,0.9884668915100943,0.5120609557890979,23.86559690821293,131.38393198697676,301.08163,301.13148869427994,17.999607952660995,2006_2015,CAM_surf,FLAML
7,8,0.7231128909589741,0.9871829256899911,0.5160726729799856,23.864304278428968,131.3922270179964,300.7833,300.7865105147417,17.999811094096916,2006_2015,CAM_surf,FLAML
8,9,0.7821252900327446,0.9861832740855492,0.5556118216904483,23.86499427675829,131.38385555194708,298.6372,298.62105039062453,17.999982934973982,2006_2015,CAM_surf,FLAML
9,10,0.8287864715110294,0.9902293578013742,0.5902537290544044,23.864419571714787,131.38863995133747,295.40173,295.3840900971147,18.000163225326634,2006_2015,CAM_surf,FLAML
10,11,0.8571148065069273,0.9934448491695056,0.608612119120216,23.863986598906358,131.38583264395854,291.7552,291.769845286985,18.000258809989262,2006_2015,CAM_surf,FLAML
11,12,0.9243237218548629,0.9947788609464625,0.6346209605768153,23.864371698393136,131.38675850868262,288.50873,288.530665127787,18.000548601901766,2006_2015,CAM_surf,FLAML
0,1,0.9182385690348138,0.9955859001514831,0.6224878551895938,23.864050082247303,131.38944163884915,287.45444,287.4489889551342,18.000191078265306,2006_2015,CAM_surf_loc,FLAML
1,2,0.8807650237128357,0.9955587484377035,0.6156813923962589,23.86553375825392,131.38479379485656,289.0144,288.98693530727036,17.999836702794763,2006_2015,CAM_surf_loc,FLAML
2,3,0.8777705638993046,0.9941892862778584,0.624423264227244,23.86494359062589,131.39260483145634,292.12427,292.07906306501724,17.99983992485562,2006_2015,CAM_surf_loc,FLAML
3,4,0.8783535899700149,0.9909313413248498,0.625989745044432,23.864455680794578,131.38331360471076,295.45615,295.448514849689,17.999929685615516,2006_2015,CAM_surf_loc,FLAML
4,5,0.8114001572461162,0.9879056280458836,0.5802964914620046,23.86554987161178,131.3837758598727,298.1175,298.0951946945747,17.99967328809741,2006_2015,CAM_surf_loc,FLAML
5,6,0.73408951214561,0.9881885371227471,0.528091750581178,23.865744573617672,131.38372930523704,300.02936,300.06207499428126,18.00015195874801,2006_2015,CAM_surf_loc,FLAML
6,7,0.6779641770003851,0.98952572509747,0.4875215507027737,23.86559690821293,131.38393198697676,301.08163,301.13235118829294,17.999607952660995,2006_2015,CAM_surf_loc,FLAML
7,8,0.6844218931429251,0.9885178165547375,0.4886550713383343,23.864304278428968,131.3922270179964,300.7833,300.7901985790397,17.999811094096916,2006_2015,CAM_surf_loc,FLAML
8,9,0.7405494339483708,0.9876131581414294,0.5258296144912172,23.86499427675829,131.38385555194708,298.6372,298.6249462769426,17.999982934973982,2006_2015,CAM_surf_loc,FLAML
9,10,0.7921967080107951,0.9910730342263615,0.5625948809206732,23.864419571714787,131.38863995133747,295.40173,295.3895673861847,18.000163225326634,2006_2015,CAM_surf_loc,FLAML
10,11,0.8279652908927684,0.993883134147293,0.5853626236044179,23.863986598906358,131.38583264395854,291.7552,291.7712554668815,18.000258809989262,2006_2015,CAM_surf_loc,FLAML
11,12,0.8937741994132923,0.9951182819849517,0.6107532104858096,23.864371698393136,131.38675850868262,288.50873,288.53403569155574,18.000548601901766,2006_2015,CAM_surf_loc,FLAML
0,1,1.3596232885525164,0.9893290442661471,0.9906243906947957,23.86446665115366,131.38892353763788,290.39853,290.4713451376629,17.999631747154226,2061_2070,CAM,FLAML
1,2,1.4376366605090227,0.9871842722888253,1.0572566546670565,23.865337528381534,131.38557059136886,291.90912,292.01842903491774,17.9995421170927,2061_2070,CAM,FLAML
2,3,1.4809366674466664,0.9822849322920022,1.096942168673426,23.864799395891325,131.3867322313723,294.97955,295.0516862711195,17.99998465041688,2061_2070,CAM,FLAML
3,4,1.44589837206208,0.9743817965112737,1.0765633726270554,23.865404963440692,131.3845748164375,298.28503,298.34660912985584,18.000252539015687,2061_2070,CAM,FLAML
4,5,1.365541230921044,0.9656167989923042,1.0202272287806613,23.864501127164917,131.38542408671734,301.0696,301.06832900452986,17.99993881470627,2061_2070,CAM,FLAML
5,6,1.2812557085400675,0.9659530483524467,0.9510119759775354,23.865231537639378,131.37796308677238,303.10886,303.1297577639095,18.00000889590092,2061_2070,CAM,FLAML
6,7,1.289977575640446,0.9656545298485174,0.9394593255300874,23.86685077561385,131.37823100227084,304.29996,304.2487912032492,18.000134278379573,2061_2070,CAM,FLAML
7,8,1.3791397553485556,0.9570235719275147,0.9928996648555584,23.864293905383438,131.3879061763918,304.04736,303.9364651280384,18.00010156054273,2061_2070,CAM,FLAML
8,9,1.4313697747704464,0.9526960161512539,1.033601525359646,23.865265918822317,131.38317252449212,301.77435,301.6755372800142,18.0003450226233,2061_2070,CAM,FLAML
9,10,1.396609221249111,0.9705860797488316,1.0176829367365454,23.865466697557512,131.38001955421123,298.3874,298.3222786089613,17.99992700757009,2061_2070,CAM,FLAML
10,11,1.3217018548743658,0.983293429461118,0.9719605726514825,23.864675855552175,131.38701747927504,294.6161,294.6053265894841,18.000146616392605,2061_2070,CAM,FLAML
11,12,1.293349936821223,0.9887179156792233,0.9474160145380555,23.86421486266208,131.3826239881327,291.4363,291.4669371392711,17.999966729210254,2061_2070,CAM,FLAML
0,1,0.8870311326461339,0.995458034258407,0.6148938279203919,23.86446665115366,131.38892353763788,290.39853,290.39523474354843,17.999631747154226,2061_2070,CAM_loc,FLAML
1,2,0.8710218141613566,0.9952956128268439,0.6197547965792141,23.865337528381534,131.38557059136886,291.90912,291.88111810201025,17.9995421170927,2061_2070,CAM_loc,FLAML
2,3,0.8804999793624095,0.9937377767775798,0.6340580760465182,23.864799395891325,131.3867322313723,294.97955,294.93226904080336,17.99998465041688,2061_2070,CAM_loc,FLAML
3,4,0.8901472699296658,0.9902905000935249,0.64044038676973,23.865404963440692,131.3845748164375,298.28503,298.2823229188977,18.000252539015687,2061_2070,CAM_loc,FLAML
4,5,0.8356875908448873,0.9871227069963415,0.6024295043402138,23.864501127164917,131.38542408671734,301.0696,301.0461332615289,17.99993881470627,2061_2070,CAM_loc,FLAML
5,6,0.7643943603383415,0.9878817040197921,0.5544202837686154,23.865231537639378,131.37796308677238,303.10886,303.146085876821,18.00000889590092,2061_2070,CAM_loc,FLAML
6,7,0.7163567354332406,0.9894083446267697,0.5184330025317095,23.86685077561385,131.37823100227084,304.29996,304.3440885843194,18.000134278379573,2061_2070,CAM_loc,FLAML
7,8,0.7217799098063804,0.9882287294741948,0.5188001362918514,23.864293905383438,131.3879061763918,304.04736,304.0483489067821,18.00010156054273,2061_2070,CAM_loc,FLAML
8,9,0.7649822730908933,0.9864887112344101,0.54715535417919,23.865265918822317,131.38317252449212,301.77435,301.7651175163218,18.0003450226233,2061_2070,CAM_loc,FLAML
9,10,0.8079952178586601,0.9901548875488865,0.5788557076005033,23.865466697557512,131.38001955421123,298.3874,298.3760629650815,17.99992700757009,2061_2070,CAM_loc,FLAML
10,11,0.8230874660222767,0.9935209357547218,0.5915516577379054,23.864675855552175,131.38701747927504,294.6161,294.63099699502567,18.000146616392605,2061_2070,CAM_loc,FLAML
11,12,0.8457550763382639,0.9951755648257202,0.5981117105475604,23.86421486266208,131.3826239881327,291.4363,291.4628275712255,17.999966729210254,2061_2070,CAM_loc,FLAML
0,1,0.9090325859836146,0.9952299269298841,0.6279889429079324,23.86446665115366,131.38892353763788,290.39853,290.3896212777588,17.999631747154226,2061_2070,CAM_surf,FLAML
1,2,0.893444300645792,0.9950502876689428,0.6340326808159156,23.865337528381534,131.38557059136886,291.90912,291.87941114047527,17.9995421170927,2061_2070,CAM_surf,FLAML
2,3,0.9057461816561708,0.9933735203614111,0.6510254590074017,23.864799395891325,131.3867322313723,294.97955,294.93357852251785,17.99998465041688,2061_2070,CAM_surf,FLAML
3,4,0.9172308274711902,0.9896906705412285,0.6587078591755957,23.865404963440692,131.3845748164375,298.28503,298.2842407134707,18.000252539015687,2061_2070,CAM_surf,FLAML
4,5,0.8585798191617526,0.9864075412642754,0.6179372156982097,23.864501127164917,131.38542408671734,301.0696,301.04315867707606,17.99993881470627,2061_2070,CAM_surf,FLAML
5,6,0.7841544528425421,0.9872470741919401,0.5680046015210803,23.865231537639378,131.37796308677238,303.10886,303.14932262512195,18.00000889590092,2061_2070,CAM_surf,FLAML
6,7,0.7354382649606037,0.9888365716519052,0.5308534249718295,23.86685077561385,131.37823100227084,304.29996,304.34751701505974,18.000134278379573,2061_2070,CAM_surf,FLAML
7,8,0.7442373467373522,0.9874848320883067,0.5328183810926337,23.864293905383438,131.3879061763918,304.04736,304.0474030653619,18.00010156054273,2061_2070,CAM_surf,FLAML
8,9,0.7916377901340996,0.9855307150751175,0.5644219621110512,23.865265918822317,131.38317252449212,301.77435,301.7629018350298,18.0003450226233,2061_2070,CAM_surf,FLAML
9,10,0.830781977494043,0.9895917615440285,0.5942255826096533,23.865466697557512,131.38001955421123,298.3874,298.37546508016806,17.99992700757009,2061_2070,CAM_surf,FLAML
10,11,0.8404995931943853,0.9932439115775562,0.6034426758857865,23.864675855552175,131.38701747927504,294.6161,294.63651212333264,18.000146616392605,2061_2070,CAM_surf,FLAML
11,12,0.8658202559123558,0.9949439340197367,0.610340169005975,23.86421486266208,131.3826239881327,291.4363,291.4641524011569,17.999966729210254,2061_2070,CAM_surf,FLAML
0,1,0.8768360959443826,0.9955618398657101,0.6016610995001478,23.86446665115366,131.38892353763788,290.39853,290.3861454423846,17.999631747154226,2061_2070,CAM_surf_loc,FLAML
1,2,0.8596454613697226,0.9954176976355356,0.6061926923466243,23.865337528381534,131.38557059136886,291.90912,291.8732371455579,17.9995421170927,2061_2070,CAM_surf_loc,FLAML
2,3,0.8704217375963146,0.9938803117204152,0.622683629703628,23.864799395891325,131.3867322313723,294.97955,294.93092686160713,17.99998465041688,2061_2070,CAM_surf_loc,FLAML
3,4,0.8819186861059253,0.9904691809861258,0.6312440671145276,23.865404963440692,131.3845748164375,298.28503,298.28486484674363,18.000252539015687,2061_2070,CAM_surf_loc,FLAML
4,5,0.8267523756017234,0.9873966042393587,0.5932200796444279,23.864501127164917,131.38542408671734,301.0696,301.0458804327975,17.99993881470627,2061_2070,CAM_surf_loc,FLAML
5,6,0.7530562606040077,0.9882385340919643,0.5440459535424137,23.865231537639378,131.37796308677238,303.10886,303.14546929936887,18.00000889590092,2061_2070,CAM_surf_loc,FLAML
6,7,0.7032435598397785,0.9897925638608266,0.5070940627828836,23.86685077561385,131.37823100227084,304.29996,304.3471785240198,18.000134278379573,2061_2070,CAM_surf_loc,FLAML
7,8,0.7074539037353846,0.9886913684040566,0.5062932070332204,23.864293905383438,131.3879061763918,304.04736,304.05037938050344,18.00010156054273,2061_2070,CAM_surf_loc,FLAML
8,9,0.7518805541520392,0.9869475589989912,0.5351973418404992,23.865265918822317,131.38317252449212,301.77435,301.7653372487845,18.0003450226233,2061_2070,CAM_surf_loc,FLAML
9,10,0.7947160383657974,0.9904758318204961,0.5664562561204808,23.865466697557512,131.38001955421123,298.3874,298.3797790263228,17.99992700757009,2061_2070,CAM_surf_loc,FLAML
10,11,0.8121131628929374,0.9936925559165835,0.5803526308041767,23.864675855552175,131.38701747927504,294.6161,294.637416024637,18.000146616392605,2061_2070,CAM_surf_loc,FLAML
11,12,0.8359775563238051,0.9952864677285825,0.5865977329237795,23.86421486266208,131.3826239881327,291.4363,291.4668249951255,17.999966729210254,2061_2070,CAM_surf_loc,FLAML
0,1,1.4856126308441162,0.988445752493644,1.0526028871536255,23.864050082247303,131.38944163884915,287.45444,287.5120849609375,18.000191078265306,2006_2015,CAM,xgboost_old
1,2,1.4810783863067627,0.9874413839256143,1.0815913677215576,23.86553375825392,131.38479379485656,289.0144,289.1129455566406,17.999836702794763,2006_2015,CAM,xgboost_old
2,3,1.4856148958206177,0.9833551307531546,1.0997997522354126,23.86494359062589,131.39260483145634,292.12427,292.1896667480469,17.99983992485562,2006_2015,CAM,xgboost_old
3,4,1.4444371461868286,0.9754754047784009,1.0745445489883423,23.864455680794578,131.38331360471076,295.45615,295.513671875,17.999929685615516,2006_2015,CAM,xgboost_old
4,5,1.3668204545974731,0.9656808267543046,1.0197139978408813,23.86554987161178,131.3837758598727,298.1175,298.12066650390625,17.99967328809741,2006_2015,CAM,xgboost_old
5,6,1.2852228879928589,0.9637954533157498,0.9505789279937744,23.865744573617672,131.38372930523704,300.02936,300.0296936035156,18.00015195874801,2006_2015,CAM,xgboost_old
6,7,1.281217098236084,0.962592711354727,0.9303440451622009,23.86559690821293,131.38393198697676,301.08163,301.02655029296875,17.999607952660995,2006_2015,CAM,xgboost_old
7,8,1.3610484600067139,0.9545928390903962,0.978186309337616,23.864304278428968,131.3922270179964,300.7833,300.6878967285156,17.999811094096916,2006_2015,CAM,xgboost_old
8,9,1.4171336889266968,0.9546398682645287,1.0223983526229858,23.86499427675829,131.38385555194708,298.6372,298.55401611328125,17.999982934973982,2006_2015,CAM,xgboost_old
9,10,1.3837474584579468,0.9727634489992617,1.0075150728225708,23.864419571714787,131.38863995133747,295.40173,295.3512878417969,18.000163225326634,2006_2015,CAM,xgboost_old
10,11,1.3376638889312744,0.9840339207567945,0.9795419573783875,23.863986598906358,131.38583264395854,291.7552,291.7447814941406,18.000258809989262,2006_2015,CAM,xgboost_old
11,12,1.4076642990112305,0.9878908038905,1.0037692785263062,23.864371698393136,131.38675850868262,288.50873,288.5249938964844,18.000548601901766,2006_2015,CAM,xgboost_old
0,1,1.0349634885787964,0.9943923608834201,0.6706215739250183,23.864050082247303,131.38944163884915,287.45444,287.4627990722656,18.000191078265306,2006_2015,CAM_loc,xgboost_old
1,2,0.9446674585342407,0.9948909117673862,0.6480429768562317,23.86553375825392,131.38479379485656,289.0144,288.99859619140625,17.999836702794763,2006_2015,CAM_loc,xgboost_old
2,3,0.8955061435699463,0.9939521050440714,0.6380882859230042,23.86494359062589,131.39260483145634,292.12427,292.0833740234375,17.99983992485562,2006_2015,CAM_loc,xgboost_old
3,4,0.8838092684745789,0.9908183426822031,0.6337869167327881,23.864455680794578,131.38331360471076,295.45615,295.4490051269531,17.999929685615516,2006_2015,CAM_loc,xgboost_old
4,5,0.8230898976325989,0.9875546011205578,0.5916498303413391,23.86554987161178,131.3837758598727,298.1175,298.098388671875,17.99967328809741,2006_2015,CAM_loc,xgboost_old
5,6,0.7598977088928223,0.987343433948067,0.5467065572738647,23.865744573617672,131.38372930523704,300.02936,300.06103515625,18.00015195874801,2006_2015,CAM_loc,xgboost_old
6,7,0.7105354070663452,0.9884951369148499,0.5092455744743347,23.86559690821293,131.38393198697676,301.08163,301.1214904785156,17.999607952660995,2006_2015,CAM_loc,xgboost_old
7,8,0.7104066610336304,0.987629383850575,0.5079125165939331,23.864304278428968,131.3922270179964,300.7833,300.787841796875,17.999811094096916,2006_2015,CAM_loc,xgboost_old
8,9,0.7566869854927063,0.9870674292525299,0.5387862920761108,23.86499427675829,131.38385555194708,298.6372,298.6307067871094,17.999982934973982,2006_2015,CAM_loc,xgboost_old
9,10,0.8010507822036743,0.9908723681687281,0.5710565447807312,23.864419571714787,131.38863995133747,295.40173,295.3859558105469,18.000163225326634,2006_2015,CAM_loc,xgboost_old
10,11,0.8532165884971619,0.9935043439695611,0.5987664461135864,23.863986598906358,131.38583264395854,291.7552,291.7583923339844,18.000258809989262,2006_2015,CAM_loc,xgboost_old
11,12,0.973334550857544,0.994210494825995,0.6427119970321655,23.864371698393136,131.38675850868262,288.50873,288.52679443359375,18.000548601901766,2006_2015,CAM_loc,xgboost_old
0,1,1.0797312259674072,0.9938967370838042,0.6935735940933228,23.864050082247303,131.38944163884915,287.45444,287.45751953125,18.000191078265306,2006_2015,CAM_surf,xgboost_old
1,2,0.9904670715332031,0.9943835129517952,0.6747291088104248,23.86553375825392,131.38479379485656,289.0144,289.00665283203125,17.999836702794763,2006_2015,CAM_surf,xgboost_old
2,3,0.9428421854972839,0.9932958122660679,0.6677796840667725,23.86494359062589,131.39260483145634,292.12427,292.0939636230469,17.99983992485562,2006_2015,CAM_surf,xgboost_old
3,4,0.9337277412414551,0.9897518626173676,0.6660277843475342,23.864455680794578,131.38331360471076,295.45615,295.4562683105469,17.999929685615516,2006_2015,CAM_surf,xgboost_old
4,5,0.8719596862792969,0.9860329068376492,0.6234245300292969,23.86554987161178,131.3837758598727,298.1175,298.101318359375,17.99967328809741,2006_2015,CAM_surf,xgboost_old
5,6,0.8011489510536194,0.9859320048192758,0.5726990699768066,23.865744573617672,131.38372930523704,300.02936,300.059814453125,18.00015195874801,2006_2015,CAM_surf,xgboost_old
6,7,0.7486312389373779,0.9872283570054554,0.5317261815071106,23.86559690821293,131.38393198697676,301.08163,301.1141052246094,17.999607952660995,2006_2015,CAM_surf,xgboost_old
7,8,0.7594475746154785,0.9858624926543778,0.5355141758918762,23.864304278428968,131.3922270179964,300.7833,300.78106689453125,17.999811094096916,2006_2015,CAM_surf,xgboost_old
8,9,0.8142977952957153,0.9850231923218612,0.5726128220558167,23.86499427675829,131.38385555194708,298.6372,298.62255859375,17.999982934973982,2006_2015,CAM_surf,xgboost_old
9,10,0.8522396087646484,0.9896685425759185,0.602133572101593,23.864419571714787,131.38863995133747,295.40173,295.38031005859375,18.000163225326634,2006_2015,CAM_surf,xgboost_old
10,11,0.8913027048110962,0.9929114834925531,0.6220521330833435,23.863986598906358,131.38583264395854,291.7552,291.7586364746094,18.000258809989262,2006_2015,CAM_surf,xgboost_old
11,12,1.0126103162765503,0.9937338346955028,0.6628877520561218,23.864371698393136,131.38675850868262,288.50873,288.5223693847656,18.000548601901766,2006_2015,CAM_surf,xgboost_old
0,1,1.0315251350402832,0.994429539768151,0.6589370965957642,23.864050082247303,131.38944163884915,287.45444,287.4532470703125,18.000191078265306,2006_2015,CAM_surf_loc,xgboost_old
1,2,0.9359537959098816,0.9949847287355525,0.6349736452102661,23.86553375825392,131.38479379485656,289.0144,288.9895935058594,17.999836702794763,2006_2015,CAM_surf_loc,xgboost_old
2,3,0.8833264708518982,0.9941154994357506,0.6253665089607239,23.86494359062589,131.39260483145634,292.12427,292.08111572265625,17.99983992485562,2006_2015,CAM_surf_loc,xgboost_old
3,4,0.8730664253234863,0.9910401959264762,0.6232643723487854,23.864455680794578,131.38331360471076,295.45615,295.45001220703125,17.999929685615516,2006_2015,CAM_surf_loc,xgboost_old
4,5,0.8124662637710571,0.9878738200921584,0.5819097757339478,23.86554987161178,131.3837758598727,298.1175,298.0971984863281,17.99967328809741,2006_2015,CAM_surf_loc,xgboost_old
5,6,0.7470059394836426,0.9877692468572712,0.5355760455131531,23.865744573617672,131.38372930523704,300.02936,300.06048583984375,18.00015195874801,2006_2015,CAM_surf_loc,xgboost_old
6,7,0.6959335803985596,0.9889631177845812,0.49750223755836487,23.86559690821293,131.38393198697676,301.08163,301.1233825683594,17.999607952660995,2006_2015,CAM_surf_loc,xgboost_old
7,8,0.6943934559822083,0.9881807923301736,0.4948665499687195,23.864304278428968,131.3922270179964,300.7833,300.7897033691406,17.999811094096916,2006_2015,CAM_surf_loc,xgboost_old
8,9,0.7406761050224304,0.9876089193050426,0.5252900123596191,23.86499427675829,131.38385555194708,298.6372,298.6315612792969,17.999982934973982,2006_2015,CAM_surf_loc,xgboost_old
9,10,0.7864365577697754,0.9912023782405878,0.5582705140113831,23.864419571714787,131.38863995133747,295.40173,295.3891296386719,18.000163225326634,2006_2015,CAM_surf_loc,xgboost_old
10,11,0.843609631061554,0.9936497943110969,0.5880959033966064,23.863986598906358,131.38583264395854,291.7552,291.7650451660156,18.000258809989262,2006_2015,CAM_surf_loc,xgboost_old
11,12,0.9690314531326294,0.9942615741307627,0.632238507270813,23.864371698393136,131.38675850868262,288.50873,288.52911376953125,18.000548601901766,2006_2015,CAM_surf_loc,xgboost_old
0,1,1.430408000946045,0.9881890221189182,1.0222476720809937,23.86446665115366,131.38892353763788,290.39853,290.47222900390625,17.999631747154226,2061_2070,CAM,xgboost_old
1,2,1.4712246656417847,0.9865784547296054,1.0750411748886108,23.865337528381534,131.38557059136886,291.90912,292.0182189941406,17.9995421170927,2061_2070,CAM,xgboost_old
2,3,1.483674168586731,0.9822193868403201,1.099393367767334,23.864799395891325,131.3867322313723,294.97955,295.049072265625,17.99998465041688,2061_2070,CAM,xgboost_old
3,4,1.4417662620544434,0.974527991322855,1.0748038291931152,23.865404963440692,131.3845748164375,298.28503,298.3451232910156,18.000252539015687,2061_2070,CAM,xgboost_old
4,5,1.363065481185913,0.9657413414390869,1.0202772617340088,23.864501127164917,131.38542408671734,301.0696,301.0694580078125,17.99993881470627,2061_2070,CAM,xgboost_old
5,6,1.2889106273651123,0.9655449925427247,0.9589453339576721,23.865231537639378,131.37796308677238,303.10886,303.13067626953125,18.00000889590092,2061_2070,CAM,xgboost_old
6,7,1.3016321659088135,0.9650311413694495,0.9501771926879883,23.86685077561385,131.37823100227084,304.29996,304.24395751953125,18.000134278379573,2061_2070,CAM,xgboost_old
7,8,1.3859198093414307,0.9566000103352651,1.0007919073104858,23.864293905383438,131.3879061763918,304.04736,303.9331970214844,18.00010156054273,2061_2070,CAM,xgboost_old
8,9,1.4322019815444946,0.9526410942598386,1.0360133647918701,23.865265918822317,131.38317252449212,301.77435,301.6766662597656,18.0003450226233,2061_2070,CAM,xgboost_old
9,10,1.3922725915908813,0.9707684639818612,1.0154175758361816,23.865466697557512,131.38001955421123,298.3874,298.3211975097656,17.99992700757009,2061_2070,CAM,xgboost_old
10,11,1.3247050046920776,0.9832174131837649,0.973534345626831,23.864675855552175,131.38701747927504,294.6161,294.601806640625,18.000146616392605,2061_2070,CAM,xgboost_old
11,12,1.3309879302978516,0.9880517021560551,0.964891791343689,23.86421486266208,131.3826239881327,291.4363,291.4610595703125,17.999966729210254,2061_2070,CAM,xgboost_old
0,1,0.9796079397201538,0.9944605000296504,0.6486066579818726,23.86446665115366,131.38892353763788,290.39853,290.403076171875,17.999631747154226,2061_2070,CAM_loc,xgboost_old
1,2,0.9258337020874023,0.9946848996890049,0.6425408720970154,23.865337528381534,131.38557059136886,291.90912,291.88427734375,17.9995421170927,2061_2070,CAM_loc,xgboost_old
2,3,0.8941016793251038,0.9935428180026148,0.6421297192573547,23.864799395891325,131.3867322313723,294.97955,294.93365478515625,17.99998465041688,2061_2070,CAM_loc,xgboost_old
3,4,0.8946396708488464,0.9901922486590868,0.644771933555603,23.865404963440692,131.3845748164375,298.28503,298.2822265625,18.000252539015687,2061_2070,CAM_loc,xgboost_old
4,5,0.8446102738380432,0.9868462718551372,0.6096141934394836,23.864501127164917,131.38542408671734,301.0696,301.0469055175781,17.99993881470627,2061_2070,CAM_loc,xgboost_old
5,6,0.7851489782333374,0.9872147256718155,0.5678534507751465,23.865231537639378,131.37796308677238,303.10886,303.14453125,18.00000889590092,2061_2070,CAM_loc,xgboost_old
6,7,0.7421082854270935,0.9886331750475942,0.5342554450035095,23.86685077561385,131.37823100227084,304.29996,304.3363342285156,18.000134278379573,2061_2070,CAM_loc,xgboost_old
7,8,0.7410601377487183,0.9875914515462102,0.5317252278327942,23.864293905383438,131.3879061763918,304.04736,304.0469055175781,18.00010156054273,2061_2070,CAM_loc,xgboost_old
8,9,0.7773412466049194,0.9860486238645113,0.5554830431938171,23.865265918822317,131.38317252449212,301.77435,301.7699279785156,18.0003450226233,2061_2070,CAM_loc,xgboost_old
9,10,0.8124318718910217,0.9900464786146438,0.5823612809181213,23.865466697557512,131.38001955421123,298.3874,298.37713623046875,17.99992700757009,2061_2070,CAM_loc,xgboost_old
10,11,0.836999773979187,0.9933000559889471,0.597634494304657,23.864675855552175,131.38701747927504,294.6161,294.6260070800781,18.000146616392605,2061_2070,CAM_loc,xgboost_old
11,12,0.8945797085762024,0.9946024685512745,0.616796612739563,23.86421486266208,131.3826239881327,291.4363,291.45977783203125,17.999966729210254,2061_2070,CAM_loc,xgboost_old
0,1,1.0157641172409058,0.9940440337106785,0.6668776273727417,23.86446665115366,131.38892353763788,290.39853,290.4016418457031,17.999631747154226,2061_2070,CAM_surf,xgboost_old
1,2,0.9636772274971008,0.9942415218865891,0.6642453074455261,23.865337528381534,131.38557059136886,291.90912,291.89398193359375,17.9995421170927,2061_2070,CAM_surf,xgboost_old
2,3,0.9332103133201599,0.9929655657212897,0.66648268699646,23.864799395891325,131.3867322313723,294.97955,294.94268798828125,17.99998465041688,2061_2070,CAM_surf,xgboost_old
3,4,0.9364368915557861,0.9892544413380562,0.67154461145401,23.865404963440692,131.3845748164375,298.28503,298.2886657714844,18.000252539015687,2061_2070,CAM_surf,xgboost_old
4,5,0.88200843334198,0.9856555990563506,0.6341903805732727,23.864501127164917,131.38542408671734,301.0696,301.0491943359375,17.99993881470627,2061_2070,CAM_surf,xgboost_old
5,6,0.8158609867095947,0.9861949281615247,0.5879167914390564,23.865231537639378,131.37796308677238,303.10886,303.1466369628906,18.00000889590092,2061_2070,CAM_surf,xgboost_old
6,7,0.7721279263496399,0.9876949260787469,0.5527362823486328,23.86685077561385,131.37823100227084,304.29996,304.334228515625,18.000134278379573,2061_2070,CAM_surf,xgboost_old
7,8,0.7815621495246887,0.9861980407121222,0.55539870262146,23.864293905383438,131.3879061763918,304.04736,304.0423278808594,18.00010156054273,2061_2070,CAM_surf,xgboost_old
8,9,0.8282466530799866,0.9841615280396888,0.5858977437019348,23.865265918822317,131.38317252449212,301.77435,301.76287841796875,18.0003450226233,2061_2070,CAM_surf,xgboost_old
9,10,0.8570054173469543,0.988924328401339,0.6096888184547424,23.865466697557512,131.38001955421123,298.3874,298.3694763183594,17.99992700757009,2061_2070,CAM_surf,xgboost_old
10,11,0.8650747537612915,0.9928430522349587,0.6151286959648132,23.864675855552175,131.38701747927504,294.6161,294.62493896484375,18.000146616392605,2061_2070,CAM_surf,xgboost_old
11,12,0.9234070777893066,0.9942490079809275,0.6314261555671692,23.86421486266208,131.3826239881327,291.4363,291.45635986328125,17.999966729210254,2061_2070,CAM_surf,xgboost_old
0,1,0.9677190184593201,0.9945941346409467,0.6274965405464172,23.86446665115366,131.38892353763788,290.39853,290.3904724121094,17.999631747154226,2061_2070,CAM_surf_loc,xgboost_old
1,2,0.9053554534912109,0.9949174351604139,0.6177187561988831,23.865337528381534,131.38557059136886,291.90912,291.8759765625,17.9995421170927,2061_2070,CAM_surf_loc,xgboost_old
2,3,0.8657988905906677,0.9939451397182012,0.6153558492660522,23.864799395891325,131.3867322313723,294.97955,294.93426513671875,17.99998465041688,2061_2070,CAM_surf_loc,xgboost_old
3,4,0.8672369718551636,0.9907838742820707,0.6203621029853821,23.865404963440692,131.3845748164375,298.28503,298.2864990234375,18.000252539015687,2061_2070,CAM_surf_loc,xgboost_old
4,5,0.8194626569747925,0.9876178865091636,0.5876196026802063,23.864501127164917,131.38542408671734,301.0696,301.0487976074219,17.99993881470627,2061_2070,CAM_surf_loc,xgboost_old
5,6,0.7604988813400269,0.9880049145591211,0.5460272431373596,23.865231537639378,131.37796308677238,303.10886,303.1423034667969,18.00000889590092,2061_2070,CAM_surf_loc,xgboost_old
6,7,0.7167867422103882,0.9893956204744927,0.5125845670700073,23.86685077561385,131.37823100227084,304.29996,304.3378601074219,18.000134278379573,2061_2070,CAM_surf_loc,xgboost_old
7,8,0.7123128175735474,0.9885354824283161,0.5071513652801514,23.864293905383438,131.3879061763918,304.04736,304.0512390136719,18.00010156054273,2061_2070,CAM_surf_loc,xgboost_old
8,9,0.743503749370575,0.9872367725380286,0.526701807975769,23.865265918822317,131.38317252449212,301.77435,301.7720642089844,18.0003450226233,2061_2070,CAM_surf_loc,xgboost_old
9,10,0.778343141078949,0.9908642183737588,0.5531646609306335,23.865466697557512,131.38001955421123,298.3874,298.3804016113281,17.99992700757009,2061_2070,CAM_surf_loc,xgboost_old
10,11,0.8132708072662354,0.9936745647254733,0.5747566819190979,23.864675855552175,131.38701747927504,294.6161,294.6319274902344,18.000146616392605,2061_2070,CAM_surf_loc,xgboost_old
11,12,0.8802786469459534,0.9947736595706013,0.5967174172401428,23.86421486266208,131.3826239881327,291.4363,291.4590759277344,17.999966729210254,2061_2070,CAM_surf_loc,xgboost_old
0,1,2.17388829546762,0.9752596670422579,1.6680473028195062,23.864050082247303,131.38944163884915,287.45444,287.50408374576017,18.000191078265306,2006_2015,CAM,LR
1,2,2.1189522805827723,0.9742944082331493,1.6474064118060727,23.86553375825392,131.38479379485656,289.0144,289.0757115387574,17.999836702794763,2006_2015,CAM,LR
2,3,2.025364198431551,0.9690633195191712,1.5819145190085075,23.86494359062589,131.39260483145634,292.12427,292.268166741758,17.99983992485562,2006_2015,CAM,LR
3,4,1.8701381882078807,0.9588896009733128,1.4611105716691462,23.864455680794578,131.38331360471076,295.45615,295.6814075048515,17.999929685615516,2006_2015,CAM,LR
4,5,1.7848780649215061,0.9414765054807384,1.3833709599671342,23.86554987161178,131.3837758598727,298.1175,298.19800326459233,17.99967328809741,2006_2015,CAM,LR
5,6,1.7590694319498599,0.9321778404703693,1.3368502334768586,23.865744573617672,131.38372930523704,300.02936,300.00387397165855,18.00015195874801,2006_2015,CAM,LR
6,7,1.7420051569647022,0.9308472672335322,1.311073736735161,23.86559690821293,131.38393198697676,301.08163,300.90095045340803,17.999607952660995,2006_2015,CAM,LR
7,8,1.7748378970055003,0.9227863502243615,1.3441652593312956,23.864304278428968,131.3922270179964,300.7833,300.50953579810147,17.999811094096916,2006_2015,CAM,LR
8,9,1.8139196723172983,0.925682928782917,1.382543547670912,23.86499427675829,131.38385555194708,298.6372,298.44703108787064,17.999982934973982,2006_2015,CAM,LR
9,10,1.906053438021849,0.9483217322611757,1.4623496917638659,23.864419571714787,131.38863995133747,295.40173,295.3537951533461,18.000163225326634,2006_2015,CAM,LR
10,11,2.0027568298088556,0.9642100462757536,1.5480418228395816,23.863986598906358,131.38583264395854,291.7552,291.83954233700507,18.000258809989262,2006_2015,CAM,LR
11,12,2.126385065502974,0.9723687273177746,1.6342862826942453,23.864371698393136,131.38675850868262,288.50873,288.5931082222708,18.000548601901766,2006_2015,CAM,LR
0,1,2.167868485108687,0.9753964964328737,1.6626578623661987,23.864050082247303,131.38944163884915,287.45444,287.5019479491682,18.000191078265306,2006_2015,CAM_loc,LR
1,2,2.112804016978367,0.9744433643636867,1.641623793362101,23.86553375825392,131.38479379485656,289.0144,289.0711089854179,17.999836702794763,2006_2015,CAM_loc,LR
2,3,2.021210407080579,0.9691900846134133,1.5772646948491766,23.86494359062589,131.39260483145634,292.12427,292.2629083246223,17.99983992485562,2006_2015,CAM_loc,LR
3,4,1.866089231010753,0.9590674210462206,1.457721446005887,23.864455680794578,131.38331360471076,295.45615,295.67545526937994,17.999929685615516,2006_2015,CAM_loc,LR
4,5,1.7805585806121378,0.9417594216509269,1.3824551655025665,23.86554987161178,131.3837758598727,298.1175,298.19246596845295,17.99967328809741,2006_2015,CAM_loc,LR
5,6,1.7521369666282576,0.9327113592556087,1.3363626791226146,23.865744573617672,131.38372930523704,300.02936,300.0016452246755,18.00015195874801,2006_2015,CAM_loc,LR
6,7,1.7298694758073012,0.9318074163062138,1.3085303495044118,23.86559690821293,131.38393198697676,301.08163,300.9028592524883,17.999607952660995,2006_2015,CAM_loc,LR
7,8,1.7598663032774633,0.9240835229366477,1.3407289140781016,23.864304278428968,131.3922270179964,300.7833,300.51484950609415,17.999811094096916,2006_2015,CAM_loc,LR
8,9,1.7970513042900222,0.9270587105510932,1.3772232109323888,23.86499427675829,131.38385555194708,298.6372,298.4531696765383,17.999982934973982,2006_2015,CAM_loc,LR
9,10,1.8884585743952538,0.9492714173958077,1.4545995538584222,23.864419571714787,131.38863995133747,295.40173,295.35986776704453,18.000163225326634,2006_2015,CAM_loc,LR
10,11,1.9907965272994825,0.9646362393122951,1.540665030437655,23.863986598906358,131.38583264395854,291.7552,291.8443360488248,18.000258809989262,2006_2015,CAM_loc,LR
11,12,2.1205363732408227,0.9725205197291458,1.629117701044889,23.864371698393136,131.38675850868262,288.50873,288.5945836091937,18.000548601901766,2006_2015,CAM_loc,LR
0,1,2.110626649427216,0.9766786371333473,1.627267546474646,23.864050082247303,131.38944163884915,287.45444,287.4882756372004,18.000191078265306,2006_2015,CAM_surf,LR
1,2,2.087108109715194,0.9750612234154241,1.629308093057011,23.86553375825392,131.38479379485656,289.0144,289.0647919221123,17.999836702794763,2006_2015,CAM_surf,LR
2,3,2.028340609311071,0.9689723255818319,1.5874682998019616,23.86494359062589,131.39260483145634,292.12427,292.26485391869966,17.99983992485562,2006_2015,CAM_surf,LR
3,4,1.857815303330833,0.9594295927818804,1.4569776268858594,23.864455680794578,131.38331360471076,295.45615,295.6881635508342,17.999929685615516,2006_2015,CAM_surf,LR
4,5,1.7120913274767855,0.9461523195154021,1.3321765660898834,23.86554987161178,131.3837758598727,298.1175,298.21048785356345,17.99967328809741,2006_2015,CAM_surf,LR
5,6,1.6650329771048833,0.9392353040184432,1.2678311047042894,23.865744573617672,131.38372930523704,300.02936,300.015827629898,18.00015195874801,2006_2015,CAM_surf,LR
6,7,1.6330917313697144,0.9392240670473302,1.2278256265805532,23.86559690821293,131.38393198697676,301.08163,300.91008432497426,17.999607952660995,2006_2015,CAM_surf,LR
7,8,1.6595971360366646,0.9324878330143306,1.2550315146929494,23.864304278428968,131.3922270179964,300.7833,300.51488479379054,17.999811094096916,2006_2015,CAM_surf,LR
8,9,1.6998613357503654,0.9347351302077452,1.3007659491152999,23.86499427675829,131.38385555194708,298.6372,298.4492169133003,17.999982934973982,2006_2015,CAM_surf,LR
9,10,1.7972647870904173,0.954052494975515,1.3899887397892727,23.864419571714787,131.38863995133747,295.40173,295.3513675981586,18.000163225326634,2006_2015,CAM_surf,LR
10,11,1.915391650132802,0.967264432540937,1.4930016132642756,23.863986598906358,131.38583264395854,291.7552,291.83203316413454,18.000258809989262,2006_2015,CAM_surf,LR
11,12,2.057186018975071,0.9741378759667726,1.5917684855757597,23.864371698393136,131.38675850868262,288.50873,288.5793652627537,18.000548601901766,2006_2015,CAM_surf,LR
0,1,2.136570890278003,0.9761017716951701,1.6355831043392504,23.864050082247303,131.38944163884915,287.45444,287.5040942977842,18.000191078265306,2006_2015,CAM_surf_loc,LR
1,2,2.067496938212976,0.9755276878487331,1.6033699299830966,23.86553375825392,131.38479379485656,289.0144,289.0785208666299,17.999836702794763,2006_2015,CAM_surf_loc,LR
2,3,1.9718547938022293,0.9706763980656524,1.5386306921940547,23.86494359062589,131.39260483145634,292.12427,292.2742567188354,17.99983992485562,2006_2015,CAM_surf_loc,LR
3,4,1.8340877281704409,0.9604592862040146,1.433973129508455,23.864455680794578,131.38331360471076,295.45615,295.69022158460865,17.999929685615516,2006_2015,CAM_surf_loc,LR
4,5,1.751442693177972,0.9436485611520804,1.360343717525635,23.86554987161178,131.3837758598727,298.1175,298.20449345923686,17.99967328809741,2006_2015,CAM_surf_loc,LR
5,6,1.720308700020989,0.9351338052114552,1.3190002435870631,23.865744573617672,131.38372930523704,300.02936,300.003520102894,18.00015195874801,2006_2015,CAM_surf_loc,LR
6,7,1.72675744317064,0.9320525523230895,1.321295010755453,23.86559690821293,131.38393198697676,301.08163,300.8935638231627,17.999607952660995,2006_2015,CAM_surf_loc,LR
7,8,1.7735780303291862,0.922895931361673,1.3648799123576214,23.864304278428968,131.3922270179964,300.7833,300.4997316071932,17.999811094096916,2006_2015,CAM_surf_loc,LR
8,9,1.8009743743180748,0.9267398925728418,1.383351830129938,23.86499427675829,131.38385555194708,298.6372,298.44041760978763,17.999982934973982,2006_2015,CAM_surf_loc,LR
9,10,1.8750392918382048,0.9499898049084737,1.439625028722283,23.864419571714787,131.38863995133747,295.40173,295.35187435711373,18.000163225326634,2006_2015,CAM_surf_loc,LR
10,11,1.970458826704785,0.9653550911422655,1.519107245022354,23.863986598906358,131.38583264395854,291.7552,291.84077304157864,18.000258809989262,2006_2015,CAM_surf_loc,LR
11,12,2.0971376625974387,0.9731236095535789,1.606136603666398,23.864371698393136,131.38675850868262,288.50873,288.5935870254127,18.000548601901766,2006_2015,CAM_surf_loc,LR
0,1,2.1324889369987954,0.9737493717220271,1.6482275481733524,23.86446665115366,131.38892353763788,290.39853,290.4646279329373,17.999631747154226,2061_2070,CAM,LR
1,2,2.0729813418527274,0.9733537695224814,1.613908251592152,23.865337528381534,131.38557059136886,291.90912,291.9836105218189,17.9995421170927,2061_2070,CAM,LR
2,3,1.9650203557142902,0.9688108203928174,1.5377420143072627,23.864799395891325,131.3867322313723,294.97955,295.1401353053973,17.99998465041688,2061_2070,CAM,LR
3,4,1.8377735991189665,0.9586136477259138,1.440403007464351,23.865404963440692,131.3845748164375,298.28503,298.53541581673375,18.000252539015687,2061_2070,CAM,LR
4,5,1.7887120788953168,0.9410046814802628,1.3961283862893932,23.864501127164917,131.38542408671734,301.0696,301.16419525715025,17.99993881470627,2061_2070,CAM,LR
5,6,1.7721943682949437,0.9348627661809087,1.3607320429013836,23.865231537639378,131.37796308677238,303.10886,303.11195084193315,18.00000889590092,2061_2070,CAM,LR
6,7,1.7752903066102015,0.9349505082436694,1.345723896954596,23.86685077561385,131.37823100227084,304.29996,304.11015707156184,18.000134278379573,2061_2070,CAM,LR
7,8,1.8215968861102676,0.9250246827908013,1.384084844991625,23.864293905383438,131.3879061763918,304.04736,303.7318470989914,18.00010156054273,2061_2070,CAM,LR
8,9,1.8422867602792021,0.9216374616851698,1.40477673980794,23.865265918822317,131.38317252449212,301.77435,301.5364453723465,18.0003450226233,2061_2070,CAM,LR
9,10,1.9155923337868295,0.9446638065561618,1.470216015457528,23.865466697557512,131.38001955421123,298.3874,298.2955833411028,17.99992700757009,2061_2070,CAM,LR
10,11,1.9995318457396998,0.961763603147237,1.550553057152979,23.864675855552175,131.38701747927504,294.6161,294.69376430727027,18.000146616392605,2061_2070,CAM,LR
11,12,2.0846422676125034,0.9706896957105219,1.616046686526678,23.86421486266208,131.3826239881327,291.4363,291.55031478070674,17.999966729210254,2061_2070,CAM,LR
0,1,2.1269196963393995,0.9738863057617475,1.6439227364758455,23.86446665115366,131.38892353763788,290.39853,290.4535417483875,17.999631747154226,2061_2070,CAM_loc,LR
1,2,2.066899538157779,0.9735098919289172,1.6086239226465537,23.865337528381534,131.38557059136886,291.90912,291.9703118261405,17.9995421170927,2061_2070,CAM_loc,LR
2,3,1.9618647874435453,0.9689109115300082,1.5341236828163805,23.864799395891325,131.3867322313723,294.97955,295.1278267225737,17.99998465041688,2061_2070,CAM_loc,LR
3,4,1.835180165283868,0.9587303726949663,1.4379897891575857,23.865404963440692,131.3845748164375,298.28503,298.52605047856866,18.000252539015687,2061_2070,CAM_loc,LR
4,5,1.7861101465032991,0.94117619056446,1.3962060195750006,23.864501127164917,131.38542408671734,301.0696,301.15948600286106,17.99993881470627,2061_2070,CAM_loc,LR
5,6,1.7656868664027179,0.9353402560482598,1.3596947148354646,23.865231537639378,131.37796308677238,303.10886,303.1152505979414,18.00000889590092,2061_2070,CAM_loc,LR
6,7,1.7588528259677179,0.9361495230137364,1.3386481945297228,23.86685077561385,131.37823100227084,304.29996,304.1215735315297,18.000134278379573,2061_2070,CAM_loc,LR
7,8,1.7983883462205044,0.9269229982259704,1.37371171255439,23.864293905383438,131.3879061763918,304.04736,303.7475381390776,18.00010156054273,2061_2070,CAM_loc,LR
8,9,1.8191715894505471,0.9235915547291252,1.3957653662517615,23.865265918822317,131.38317252449212,301.77435,301.5498893091191,18.0003450226233,2061_2070,CAM_loc,LR
9,10,1.896428177259552,0.9457654677163791,1.4636501970477065,23.865466697557512,131.38001955421123,298.3874,298.303950602636,17.99992700757009,2061_2070,CAM_loc,LR
10,11,1.9874641974863483,0.9622237418431635,1.5447443072553528,23.864675855552175,131.38701747927504,294.6161,294.6957149008356,18.000146616392605,2061_2070,CAM_loc,LR
11,12,2.079161055705066,0.9708436259868002,1.61235753840201,23.86421486266208,131.3826239881327,291.4363,291.5448527323634,17.999966729210254,2061_2070,CAM_loc,LR
0,1,2.1141108291407935,0.9741998856853108,1.6508899467930795,23.86446665115366,131.38892353763788,290.39853,290.44023532587624,17.999631747154226,2061_2070,CAM_surf,LR
1,2,2.095684057762204,0.9727669293367052,1.644423010542965,23.865337528381534,131.38557059136886,291.90912,291.9624268655323,17.9995421170927,2061_2070,CAM_surf,LR
2,3,2.0346476596368333,0.9665613858078576,1.5969972019030407,23.864799395891325,131.3867322313723,294.97955,295.12797866253067,17.99998465041688,2061_2070,CAM_surf,LR
3,4,1.8922791258318705,0.9561223327139655,1.4866871428734267,23.865404963440692,131.3845748164375,298.28503,298.53540822238426,18.000252539015687,2061_2070,CAM_surf,LR
4,5,1.7750085669843294,0.9419051576114291,1.388955797903956,23.864501127164917,131.38542408671734,301.0696,301.1749297561057,17.99993881470627,2061_2070,CAM_surf,LR
5,6,1.7384519383969521,0.9373195675108724,1.340358025091567,23.865231537639378,131.37796308677238,303.10886,303.13016820488093,18.00000889590092,2061_2070,CAM_surf,LR
6,7,1.7095478235750166,0.9396791221726538,1.2986045909474173,23.86685077561385,131.37823100227084,304.29996,304.1325111991815,18.000134278379573,2061_2070,CAM_surf,LR
7,8,1.7346493535220806,0.932011234021735,1.3192011613913368,23.864293905383438,131.3879061763918,304.04736,303.75236581629946,18.00010156054273,2061_2070,CAM_surf,LR
8,9,1.7560102029418299,0.9288052280793114,1.3496986516353433,23.865265918822317,131.38317252449212,301.77435,301.54952922281154,18.0003450226233,2061_2070,CAM_surf,LR
9,10,1.8362713689598655,0.9491516545777725,1.4284442091824372,23.865466697557512,131.38001955421123,298.3874,298.2974521565068,17.99992700757009,2061_2070,CAM_surf,LR
10,11,1.9451797899148626,0.9638140643034959,1.5281385177930975,23.864675855552175,131.38701747927504,294.6161,294.6844127639568,18.000146616392605,2061_2070,CAM_surf,LR
11,12,2.0565406876603705,0.9714745922323521,1.6145212830977806,23.86421486266208,131.3826239881327,291.4363,291.530662949876,17.999966729210254,2061_2070,CAM_surf,LR
0,1,2.0414454300272236,0.9759429883152774,1.5754092868870406,23.86446665115366,131.38892353763788,290.39853,290.4526587993191,17.999631747154226,2061_2070,CAM_surf_loc,LR
1,2,1.999891714159682,0.9751996416729081,1.5553280544329817,23.865337528381534,131.38557059136886,291.90912,291.97321856001827,17.9995421170927,2061_2070,CAM_surf_loc,LR
2,3,1.9175286661114492,0.9703001966034569,1.4991685487148712,23.864799395891325,131.3867322313723,294.97955,295.1346006581876,17.99998465041688,2061_2070,CAM_surf_loc,LR
3,4,1.7846731445561648,0.960970722617508,1.400115106602488,23.865404963440692,131.3845748164375,298.28503,298.53589545103017,18.000252539015687,2061_2070,CAM_surf_loc,LR
4,5,1.6921104133051037,0.9472048452630533,1.321104227575926,23.864501127164917,131.38542408671734,301.0696,301.1689300586603,17.99993881470627,2061_2070,CAM_surf_loc,LR
5,6,1.6589265343263224,0.9429230293965819,1.2722011361452183,23.865231537639378,131.37796308677238,303.10886,303.1194114623193,18.00000889590092,2061_2070,CAM_surf_loc,LR
6,7,1.6603228359739466,0.9431028875192847,1.2550541705507627,23.86685077561385,131.37823100227084,304.29996,304.11881821384344,18.000134278379573,2061_2070,CAM_surf_loc,LR
7,8,1.704975333140111,0.9343174565455428,1.2924848728329328,23.864293905383438,131.3879061763918,304.04736,303.7399525596367,18.00010156054273,2061_2070,CAM_surf_loc,LR
8,9,1.7184755163455834,0.9318162738561024,1.3104454434709065,23.865265918822317,131.38317252449212,301.77435,301.5418696187585,18.0003450226233,2061_2070,CAM_surf_loc,LR
9,10,1.788631410216171,0.9517558336237378,1.3776996349806143,23.865466697557512,131.38001955421123,298.3874,298.2971188377377,17.99992700757009,2061_2070,CAM_surf_loc,LR
10,11,1.8838555059258704,0.9660597148007737,1.4638396725756466,23.864675855552175,131.38701747927504,294.6161,294.6908582095987,18.000146616392605,2061_2070,CAM_surf_loc,LR
11,12,1.9881634264233299,0.9733399223711341,1.541544726473657,23.86421486266208,131.3826239881327,291.4363,291.5416998256473,17.999966729210254,2061_2070,CAM_surf_loc,LR
0,1,1.3856540853395443,0.9889165291939729,1.0315457257396845,23.86446665115366,131.38892353763788,290.39853,290.38535946092105,17.999631747154226,climate,CAM,FLAML
1,2,1.4723043091659587,0.9865587344875661,1.0984637295744164,23.865337528381534,131.38557059136886,291.90912,291.92151957079795,17.9995421170927,climate,CAM,FLAML
2,3,1.5474013051462883,0.9806591408688714,1.157165716324684,23.864799395891325,131.3867322313723,294.97955,294.94533847128184,17.99998465041688,climate,CAM,FLAML
3,4,1.5232159596253076,0.9715687406938475,1.1450831336078973,23.865404963440692,131.3845748164375,298.28503,298.20681670711673,18.000252539015687,climate,CAM,FLAML
4,5,1.464951965539173,0.960428415495464,1.1046901106719738,23.864501127164917,131.38542408671734,301.0696,300.8776137935559,17.99993881470627,climate,CAM,FLAML
5,6,1.4202931240134509,0.9581628033649612,1.0607234044150171,23.865231537639378,131.37796308677238,303.10886,302.9065215356334,18.00000889590092,climate,CAM,FLAML
6,7,1.4752883199787181,0.9550780135707567,1.0800145218592554,23.86685077561385,131.37823100227084,304.29996,304.00831760336126,18.000134278379573,climate,CAM,FLAML
7,8,1.5464164724621303,0.9459660525894997,1.1260278769230654,23.864293905383438,131.3879061763918,304.04736,303.6979263711986,18.00010156054273,climate,CAM,FLAML
8,9,1.556615830490694,0.9440555615651778,1.1351692405890044,23.865265918822317,131.38317252449212,301.77435,301.46137544259295,18.0003450226233,climate,CAM,FLAML
9,10,1.5063063643215735,0.9657839617840255,1.105134099384462,23.865466697557512,131.38001955421123,298.3874,298.1354219147561,17.99992700757009,climate,CAM,FLAML
10,11,1.4214959949405914,0.9806753520618978,1.0544494156318331,23.864675855552175,131.38701747927504,294.6161,294.4612011058194,18.000146616392605,climate,CAM,FLAML
11,12,1.3621494652002908,0.9874856937938999,1.0150487750080008,23.86421486266208,131.3826239881327,291.4363,291.37450016084983,17.999966729210254,climate,CAM,FLAML
0,1,0.929392903653042,0.9950138558158049,0.6729935455826133,23.86446665115366,131.38892353763788,290.39853,290.3438042715388,17.999631747154226,climate,CAM_loc,FLAML
1,2,0.9416525121010072,0.99450172658597,0.690875290569471,23.865337528381534,131.38557059136886,291.90912,291.81079091131767,17.9995421170927,climate,CAM_loc,FLAML
2,3,0.9722613680384473,0.9923645277400808,0.7175278309196459,23.864799395891325,131.3867322313723,294.97955,294.84027003974353,17.99998465041688,climate,CAM_loc,FLAML
3,4,0.975316635270656,0.9883436012156532,0.7188312904817241,23.865404963440692,131.3845748164375,298.28503,298.1731638358158,18.000252539015687,climate,CAM_loc,FLAML
4,5,0.9137629286357751,0.98460414754873,0.6723188074183686,23.864501127164917,131.38542408671734,301.0696,300.9277908537546,17.99993881470627,climate,CAM_loc,FLAML
5,6,0.8762569911847752,0.9840753608818283,0.6457339853902154,23.865231537639378,131.37796308677238,303.10886,303.1073824155854,18.00000889590092,climate,CAM_loc,FLAML
6,7,0.9055171231488887,0.9830761768473952,0.6591886895301814,23.86685077561385,131.37823100227084,304.29996,304.3662757582175,18.000134278379573,climate,CAM_loc,FLAML
7,8,0.917055464871766,0.9809977526076639,0.6691000318774468,23.864293905383438,131.3879061763918,304.04736,304.0523014645599,18.00010156054273,climate,CAM_loc,FLAML
8,9,0.9122693977271344,0.9807850063024328,0.67191051482403,23.865265918822317,131.38317252449212,301.77435,301.7099853895055,18.0003450226233,climate,CAM_loc,FLAML
9,10,0.9274213650469632,0.9870294828192084,0.6793014346858403,23.865466697557512,131.38001955421123,298.3874,298.2547660829013,17.99992700757009,climate,CAM_loc,FLAML
10,11,0.9176136402696919,0.9919473276048988,0.6752907460440687,23.864675855552175,131.38701747927504,294.6161,294.5217000967318,18.000146616392605,climate,CAM_loc,FLAML
11,12,0.9232837109782698,0.9942505328619411,0.6740696580539025,23.86421486266208,131.3826239881327,291.4363,291.39729107098077,17.999966729210254,climate,CAM_loc,FLAML
0,1,0.9491557179454077,0.9947995483215324,0.6855448650044654,23.86446665115366,131.38892353763788,290.39853,290.35657330731357,17.999631747154226,climate,CAM_surf,FLAML
1,2,0.9599296657101501,0.9942862159770958,0.7017999939667022,23.865337528381534,131.38557059136886,291.90912,291.82208735675533,17.9995421170927,climate,CAM_surf,FLAML
2,3,0.9939500349501774,0.9920200724066547,0.7297203942298492,23.864799395891325,131.3867322313723,294.97955,294.8533503994837,17.99998465041688,climate,CAM_surf,FLAML
3,4,1.000450864840304,0.9877350816476003,0.7333734771294204,23.865404963440692,131.3845748164375,298.28503,298.18399505148756,18.000252539015687,climate,CAM_surf,FLAML
4,5,0.9386927710507103,0.9837526095451998,0.6876778127510664,23.864501127164917,131.38542408671734,301.0696,300.93957914167356,17.99993881470627,climate,CAM_surf,FLAML
5,6,0.8986188205021375,0.9832522053401471,0.6603486912612128,23.865231537639378,131.37796308677238,303.10886,303.12362460587667,18.00000889590092,climate,CAM_surf,FLAML
6,7,0.9128243043904101,0.982801937064149,0.6631000459106908,23.86685077561385,131.37823100227084,304.29996,304.3737349177727,18.000134278379573,climate,CAM_surf,FLAML
7,8,0.9157750246064946,0.9810507794034324,0.6658181209583497,23.864293905383438,131.3879061763918,304.04736,304.0469001816948,18.00010156054273,climate,CAM_surf,FLAML
8,9,0.9179511967722737,0.9805449111782684,0.6715098431294753,23.865265918822317,131.38317252449212,301.77435,301.6996575754918,18.0003450226233,climate,CAM_surf,FLAML
9,10,0.9403033876737352,0.986666655456248,0.6860398812217489,23.865466697557512,131.38001955421123,298.3874,298.25640652270664,17.99992700757009,climate,CAM_surf,FLAML
10,11,0.9300393833133933,0.9917277626134231,0.6828984246732869,23.864675855552175,131.38701747927504,294.6161,294.5364716733115,18.000146616392605,climate,CAM_surf,FLAML
11,12,0.9418629807748125,0.9940168112437842,0.6863546519551643,23.86421486266208,131.3826239881327,291.4363,291.4143386620332,17.999966729210254,climate,CAM_surf,FLAML
0,1,0.9170173916053266,0.9951457596800917,0.6596087777760721,23.86446665115366,131.38892353763788,290.39853,290.34607780167875,17.999631747154226,climate,CAM_surf_loc,FLAML
1,2,0.9294594204189902,0.9946431947122374,0.6775163940421453,23.865337528381534,131.38557059136886,291.90912,291.80459008720595,17.9995421170927,climate,CAM_surf_loc,FLAML
2,3,0.9639139881275461,0.9924950740835595,0.7072183726669155,23.864799395891325,131.3867322313723,294.97955,294.83444331378433,17.99998465041688,climate,CAM_surf_loc,FLAML
3,4,0.9668691755080768,0.9885446447183628,0.708358523994315,23.865404963440692,131.3845748164375,298.28503,298.16964477413876,18.000252539015687,climate,CAM_surf_loc,FLAML
4,5,0.9010183679573164,0.9850306149452325,0.658977617339156,23.864501127164917,131.38542408671734,301.0696,300.92633916869846,17.99993881470627,climate,CAM_surf_loc,FLAML
5,6,0.8626925748934813,0.9845645701807686,0.6330080995553508,23.865231537639378,131.37796308677238,303.10886,303.1231684317988,18.00000889590092,climate,CAM_surf_loc,FLAML
6,7,0.8969161280339192,0.9833961496283029,0.6521658603029161,23.86685077561385,131.37823100227084,304.29996,304.4071806830885,18.000134278379573,climate,CAM_surf_loc,FLAML
7,8,0.8992167454897433,0.981729832322724,0.6556496146616626,23.864293905383438,131.3879061763918,304.04736,304.09213583915204,18.00010156054273,climate,CAM_surf_loc,FLAML
8,9,0.8846623404124394,0.9819303761066341,0.6501912848687061,23.865265918822317,131.38317252449212,301.77435,301.73102071581803,18.0003450226233,climate,CAM_surf_loc,FLAML
9,10,0.9024910450815494,0.9877174397576621,0.6577208353860912,23.865466697557512,131.38001955421123,298.3874,298.26431094698694,17.99992700757009,climate,CAM_surf_loc,FLAML
10,11,0.8970579985695372,0.9923040656273712,0.6562429957322963,23.864675855552175,131.38701747927504,294.6161,294.5318188526789,18.000146616392605,climate,CAM_surf_loc,FLAML
11,12,0.9097296374587324,0.9944181014898076,0.660031966821003,23.86421486266208,131.3826239881327,291.4363,291.4104188346878,17.999966729210254,climate,CAM_surf_loc,FLAML
0,1,1.4231098890304565,0.9883092320748881,1.0470755100250244,23.86446665115366,131.38892353763788,290.39853,290.3695068359375,17.999631747154226,climate,CAM,xgboost
1,2,1.4859997034072876,0.9863075169645381,1.1051748991012573,23.865337528381534,131.38557059136886,291.90912,291.9136047363281,17.9995421170927,climate,CAM,xgboost
2,3,1.547236442565918,0.9806632283518566,1.1571040153503418,23.864799395891325,131.3867322313723,294.97955,294.943115234375,17.99998465041688,climate,CAM,xgboost
3,4,1.5224502086639404,0.971597380267072,1.1458383798599243,23.865404963440692,131.3845748164375,298.28503,298.2037353515625,18.000252539015687,climate,CAM,xgboost
4,5,1.4776252508163452,0.9597408002814652,1.1140750646591187,23.864501127164917,131.38542408671734,301.0696,300.8644104003906,17.99993881470627,climate,CAM,xgboost
5,6,1.4769227504730225,0.9547600809930582,1.0921558141708374,23.865231537639378,131.37796308677238,303.10886,302.8684387207031,18.00000889590092,climate,CAM,xgboost
6,7,1.5438363552093506,0.950806406030149,1.1165090799331665,23.86685077561385,131.37823100227084,304.29996,303.9596252441406,18.000134278379573,climate,CAM,xgboost
7,8,1.5898170471191406,0.9428905887125838,1.1511808633804321,23.864293905383438,131.3879061763918,304.04736,303.6641540527344,18.00010156054273,climate,CAM,xgboost
8,9,1.5646618604660034,0.9434757886141881,1.1420013904571533,23.865265918822317,131.38317252449212,301.77435,301.4523010253906,18.0003450226233,climate,CAM,xgboost
9,10,1.5065281391143799,0.9657739139620789,1.1057288646697998,23.865466697557512,131.38001955421123,298.3874,298.1338195800781,17.99992700757009,climate,CAM,xgboost
10,11,1.4214627742767334,0.9806762704008171,1.0531991720199585,23.864675855552175,131.38701747927504,294.6161,294.45404052734375,18.000146616392605,climate,CAM,xgboost
11,12,1.3825925588607788,0.9871072414897236,1.0224828720092773,23.86421486266208,131.3826239881327,291.4363,291.3611145019531,17.999966729210254,climate,CAM,xgboost
0,1,0.982741117477417,0.9944250093741961,0.69264817237854,23.86446665115366,131.38892353763788,290.39853,290.3291931152344,17.999631747154226,climate,CAM_loc,xgboost
1,2,0.9711366295814514,0.9941520293216498,0.7055165767669678,23.865337528381534,131.38557059136886,291.90912,291.8083190917969,17.9995421170927,climate,CAM_loc,xgboost
2,3,0.9838353395462036,0.992181657437218,0.726749837398529,23.864799395891325,131.3867322313723,294.97955,294.84356689453125,17.99998465041688,climate,CAM_loc,xgboost
3,4,0.989217221736908,0.9880089622017648,0.7318397760391235,23.865404963440692,131.3845748164375,298.28503,298.17083740234375,18.000252539015687,climate,CAM_loc,xgboost
4,5,0.9540597796440125,0.9832163062359305,0.6974942684173584,23.864501127164917,131.38542408671734,301.0696,300.9114990234375,17.99993881470627,climate,CAM_loc,xgboost
5,6,0.9753170013427734,0.9802713006070323,0.6917023658752441,23.865231537639378,131.37796308677238,303.10886,303.0534362792969,18.00000889590092,climate,CAM_loc,xgboost
6,7,1.0293974876403809,0.9781288711806033,0.7139438986778259,23.86685077561385,131.37823100227084,304.29996,304.293212890625,18.000134278379573,climate,CAM_loc,xgboost
7,8,1.0071202516555786,0.9770820169368776,0.7130473256111145,23.864293905383438,131.3879061763918,304.04736,304.00811767578125,18.00010156054273,climate,CAM_loc,xgboost
8,9,0.9404882788658142,0.9795778748637075,0.6902916431427002,23.865265918822317,131.38317252449212,301.77435,301.71075439453125,18.0003450226233,climate,CAM_loc,xgboost
9,10,0.9381334781646729,0.9867281237934128,0.686648428440094,23.865466697557512,131.38001955421123,298.3874,298.2572021484375,17.99992700757009,climate,CAM_loc,xgboost
10,11,0.9304420351982117,0.991720598299959,0.6807831525802612,23.864675855552175,131.38701747927504,294.6161,294.514892578125,18.000146616392605,climate,CAM_loc,xgboost
11,12,0.9569248557090759,0.9938239298260912,0.6852426528930664,23.86421486266208,131.3826239881327,291.4363,291.38262939453125,17.999966729210254,climate,CAM_loc,xgboost
0,1,1.0219308137893677,0.9939714980860861,0.7179252505302429,23.86446665115366,131.38892353763788,290.39853,290.3415832519531,17.999631747154226,climate,CAM_surf,xgboost
1,2,1.0177570581436157,0.993577062886392,0.7356034517288208,23.865337528381534,131.38557059136886,291.90912,291.8247985839844,17.9995421170927,climate,CAM_surf,xgboost
2,3,1.0382922887802124,0.9912921723042422,0.76164710521698,23.864799395891325,131.3867322313723,294.97955,294.8583679199219,17.99998465041688,climate,CAM_surf,xgboost
3,4,1.0474857091903687,0.9865547529629005,0.7693737745285034,23.865404963440692,131.3845748164375,298.28503,298.17547607421875,18.000252539015687,climate,CAM_surf,xgboost
4,5,1.009490966796875,0.981209365841566,0.7347414493560791,23.864501127164917,131.38542408671734,301.0696,300.9071960449219,17.99993881470627,climate,CAM_surf,xgboost
5,6,1.0172934532165527,0.9785365892359776,0.7202259302139282,23.865231537639378,131.37796308677238,303.10886,303.0340270996094,18.00000889590092,climate,CAM_surf,xgboost
6,7,1.0558773279190063,0.976989196855236,0.7302840948104858,23.86685077561385,131.37823100227084,304.29996,304.24530029296875,18.000134278379573,climate,CAM_surf,xgboost
7,8,1.0352048873901367,0.9757859752373212,0.7290500402450562,23.864293905383438,131.3879061763918,304.04736,303.9580078125,18.00010156054273,climate,CAM_surf,xgboost
8,9,0.98326575756073,0.9776778653270463,0.7147436141967773,23.865265918822317,131.38317252449212,301.77435,301.6764221191406,18.0003450226233,climate,CAM_surf,xgboost
9,10,0.9867133498191833,0.9853179751859404,0.7178428173065186,23.865466697557512,131.38001955421123,298.3874,298.2445373535156,17.99992700757009,climate,CAM_surf,xgboost
10,11,0.9710966348648071,0.9909812795456631,0.7076953649520874,23.864675855552175,131.38701747927504,294.6161,294.5168151855469,18.000146616392605,climate,CAM_surf,xgboost
11,12,0.9937719106674194,0.9933391519853771,0.7094408869743347,23.86421486266208,131.3826239881327,291.4363,291.3910827636719,17.999966729210254,climate,CAM_surf,xgboost
0,1,0.9715577960014343,0.9945511635774966,0.6764596104621887,23.86446665115366,131.38892353763788,290.39853,290.33203125,17.999631747154226,climate,CAM_surf_loc,xgboost
1,2,0.9549000263214111,0.9943459343900289,0.6871742606163025,23.865337528381534,131.38557059136886,291.90912,291.80291748046875,17.9995421170927,climate,CAM_surf_loc,xgboost
2,3,0.9662792682647705,0.9924581785766001,0.7082873582839966,23.864799395891325,131.3867322313723,294.97955,294.8393859863281,17.99998465041688,climate,CAM_surf_loc,xgboost
3,4,0.9733552932739258,0.9883904413482552,0.7143738865852356,23.865404963440692,131.3845748164375,298.28503,298.1675109863281,18.000252539015687,climate,CAM_surf_loc,xgboost
4,5,0.9362791776657104,0.9838360609166141,0.6788662672042847,23.864501127164917,131.38542408671734,301.0696,300.9109802246094,17.99993881470627,climate,CAM_surf_loc,xgboost
5,6,0.9571117162704468,0.9810009065533278,0.6730356216430664,23.865231537639378,131.37796308677238,303.10886,303.0661926269531,18.00000889590092,climate,CAM_surf_loc,xgboost
6,7,1.0100317001342773,0.9789440762054011,0.6951450705528259,23.86685077561385,131.37823100227084,304.29996,304.322021484375,18.000134278379573,climate,CAM_surf_loc,xgboost
7,8,0.9753199219703674,0.978506495812581,0.686332106590271,23.864293905383438,131.3879061763918,304.04736,304.0368347167969,18.00010156054273,climate,CAM_surf_loc,xgboost
8,9,0.9030864834785461,0.9811699298366384,0.6606605648994446,23.865265918822317,131.38317252449212,301.77435,301.7289733886719,18.0003450226233,climate,CAM_surf_loc,xgboost
9,10,0.9051732420921326,0.9876443171596964,0.6600894331932068,23.865466697557512,131.38001955421123,298.3874,298.2745666503906,17.99992700757009,climate,CAM_surf_loc,xgboost
10,11,0.9059034585952759,0.9921515475504105,0.6582249999046326,23.864675855552175,131.38701747927504,294.6161,294.5325927734375,18.000146616392605,climate,CAM_surf_loc,xgboost
11,12,0.9422349333763123,0.9940120829340782,0.6675773859024048,23.86421486266208,131.3826239881327,291.4363,291.396240234375,17.999966729210254,climate,CAM_surf_loc,xgboost
0,1,2.1061340909737396,0.9743942108843231,1.6324486551804867,23.86446665115366,131.38892353763788,290.39853,290.2791175883657,17.999631747154226,climate,CAM,LR
1,2,2.0704289569340295,0.9734193461540321,1.6198996292005765,23.865337528381534,131.38557059136886,291.90912,291.7625390928396,17.9995421170927,climate,CAM,LR
2,3,1.991020058006474,0.9679800157041445,1.5646476311928177,23.864799395891325,131.3867322313723,294.97955,294.847681574669,17.99998465041688,climate,CAM,LR
3,4,1.8596929663501016,0.957620519324913,1.459230147057204,23.865404963440692,131.3845748164375,298.28503,298.167817870222,18.000252539015687,climate,CAM,LR
4,5,1.8344641661077363,0.9379480925039884,1.4357973978523701,23.864501127164917,131.38542408671734,301.0696,300.74466534917747,17.99993881470627,climate,CAM,LR
5,6,1.8385245862184376,0.929895565376454,1.421985921888633,23.865231537639378,131.37796308677238,303.10886,302.6604519828291,18.00000889590092,climate,CAM,LR
6,7,1.8947846376326143,0.9258988660292143,1.4537300874611576,23.86685077561385,131.37823100227084,304.29996,303.6489793094038,18.000134278379573,climate,CAM,LR
7,8,1.9646713822804818,0.9127845150787184,1.507561047922497,23.864293905383438,131.3879061763918,304.04736,303.28516560474276,18.00010156054273,climate,CAM,LR
8,9,1.9451105269735522,0.9126460391700125,1.4922428919831938,23.865265918822317,131.38317252449212,301.77435,301.1331105317218,18.0003450226233,climate,CAM,LR
9,10,1.9604462035823484,0.9420420575949084,1.5094171952841589,23.865466697557512,131.38001955421123,298.3874,297.9550406038848,17.99992700757009,climate,CAM,LR
10,11,1.9984534682690442,0.961804834948724,1.553378943977909,23.864675855552175,131.38701747927504,294.6161,294.4221733952549,18.000146616392605,climate,CAM,LR
11,12,2.0614135485370464,0.9713392532904098,1.6037370968457811,23.86421486266208,131.3826239881327,291.4363,291.34250678491213,17.999966729210254,climate,CAM,LR
0,1,2.0985225533226926,0.9745789543410084,1.627416846875365,23.86446665115366,131.38892353763788,290.39853,290.28201325921293,17.999631747154226,climate,CAM_loc,LR
1,2,2.062397225176577,0.9736251726731098,1.6139603122471893,23.865337528381534,131.38557059136886,291.90912,291.7627319482161,17.9995421170927,climate,CAM_loc,LR
2,3,1.9868000818926954,0.968115604866934,1.5606207879379064,23.864799395891325,131.3867322313723,294.97955,294.8460832687473,17.99998465041688,climate,CAM_loc,LR
3,4,1.8565968236299275,0.9577615143137349,1.4566305308990064,23.865404963440692,131.3845748164375,298.28503,298.16509778377565,18.000252539015687,climate,CAM_loc,LR
4,5,1.8316398165610022,0.9381390162269555,1.4371684738965982,23.864501127164917,131.38542408671734,301.0696,300.7421384453401,17.99993881470627,climate,CAM_loc,LR
5,6,1.8322438221988375,0.930373728488145,1.423845567489694,23.865231537639378,131.37796308677238,303.10886,302.66144158294844,18.00000889590092,climate,CAM_loc,LR
6,7,1.8818870336955826,0.9269042302172253,1.4540243180012364,23.86685077561385,131.37823100227084,304.29996,303.65448140981465,18.000134278379573,climate,CAM_loc,LR
7,8,1.9466419857874842,0.914377888481108,1.5063568757991899,23.864293905383438,131.3879061763918,304.04736,303.29442326818327,18.00010156054273,climate,CAM_loc,LR
8,9,1.9244140979409086,0.9144950824068805,1.4886611532071259,23.865265918822317,131.38317252449212,301.77435,301.14305264963537,18.0003450226233,climate,CAM_loc,LR
9,10,1.9408606963833808,0.9431943111025671,1.5040606822012508,23.865466697557512,131.38001955421123,298.3874,297.9650822185321,17.99992700757009,climate,CAM_loc,LR
10,11,1.985245557645005,0.9623080353174144,1.5474924959222423,23.864675855552175,131.38701747927504,294.6161,294.43128491101373,18.000146616392605,climate,CAM_loc,LR
11,12,2.0545226424957788,0.9715305476700937,1.5997303458255427,23.86421486266208,131.3826239881327,291.4363,291.34877735696097,17.999966729210254,climate,CAM_loc,LR
0,1,2.051219847072513,0.975712067426366,1.5980472116490512,23.86446665115366,131.38892353763788,290.39853,290.26731380901106,17.999631747154226,climate,CAM_surf,LR
1,2,2.0425417620328905,0.9741305685818122,1.6028849819966857,23.865337528381534,131.38557059136886,291.90912,291.75489496834626,17.9995421170927,climate,CAM_surf,LR
2,3,1.9930581359004442,0.9679144285969636,1.5653016254965744,23.864799395891325,131.3867322313723,294.97955,294.84772125823497,17.99998465041688,climate,CAM_surf,LR
3,4,1.8441651043303215,0.9583252758949058,1.4495117157718098,23.865404963440692,131.3845748164375,298.28503,298.1763471515356,18.000252539015687,climate,CAM_surf,LR
4,5,1.758320513784072,0.9429924001458183,1.379694492841279,23.864501127164917,131.38542408671734,301.0696,300.75711896759907,17.99993881470627,climate,CAM_surf,LR
5,6,1.7411669753746366,0.9371236316005794,1.3498113963356224,23.865231537639378,131.37796308677238,303.10886,302.6717048442432,18.00000889590092,climate,CAM_surf,LR
6,7,1.7836685186235393,0.9343350771225969,1.3735249442975113,23.86685077561385,131.37823100227084,304.29996,303.65658532748387,18.000134278379573,climate,CAM_surf,LR
7,8,1.8492969506156747,0.9227271254096973,1.4288888708273817,23.864293905383438,131.3879061763918,304.04736,303.2885506292955,18.00010156054273,climate,CAM_surf,LR
8,9,1.8288513431894582,0.922776257621609,1.4197633319347363,23.865265918822317,131.38317252449212,301.77435,301.1336193329609,18.0003450226233,climate,CAM_surf,LR
9,10,1.8485513842959422,0.9484692866412967,1.4434451864399003,23.865466697557512,131.38001955421123,298.3874,297.95239309274166,17.99992700757009,climate,CAM_surf,LR
10,11,1.9096623656030105,0.965123452353513,1.499809051146376,23.864675855552175,131.38701747927504,294.6161,294.41641563615275,18.000146616392605,climate,CAM_surf,LR
11,12,1.9983803051538225,0.9730652139201841,1.5663220135737725,23.86421486266208,131.3826239881327,291.4363,291.3323282628195,17.999966729210254,climate,CAM_surf,LR
0,1,2.059165690499562,0.9755235338566954,1.5835908219226866,23.86446665115366,131.38892353763788,290.39853,290.27801359531753,17.999631747154226,climate,CAM_surf_loc,LR
1,2,2.01348492101933,0.9748613612712116,1.566016307285175,23.865337528381534,131.38557059136886,291.90912,291.76362334659257,17.9995421170927,climate,CAM_surf_loc,LR
2,3,1.9336245516126624,0.9697994989968153,1.5139783849269923,23.864799395891325,131.3867322313723,294.97955,294.85093535209944,17.99998465041688,climate,CAM_surf_loc,LR
3,4,1.8197219785559062,0.9594226935850907,1.4256794401667714,23.865404963440692,131.3845748164375,298.28503,298.1714176322975,18.000252539015687,climate,CAM_surf_loc,LR
4,5,1.7980336555183773,0.9403881906303194,1.406040706269084,23.864501127164917,131.38542408671734,301.0696,300.7433549975031,17.99993881470627,climate,CAM_surf_loc,LR
5,6,1.8019661462330117,0.9326558520733386,1.3947879482081609,23.865231537639378,131.37796308677238,303.10886,302.65066263387735,18.00000889590092,climate,CAM_surf_loc,LR
6,7,1.8961168692625365,0.9257946277134477,1.4597242415572314,23.86685077561385,131.37823100227084,304.29996,303.63081930211075,18.000134278379573,climate,CAM_surf_loc,LR
7,8,1.983757003015717,0.9110817908484061,1.5254803662512983,23.864293905383438,131.3879061763918,304.04736,303.26392930018784,18.00010156054273,climate,CAM_surf_loc,LR
8,9,1.9465173564564384,0.9125196334284393,1.4867499373847448,23.865265918822317,131.38317252449212,301.77435,301.1154924112945,18.0003450226233,climate,CAM_surf_loc,LR
9,10,1.9350172124236196,0.9435358538319386,1.4784045395533767,23.865466697557512,131.38001955421123,298.3874,297.9444823119375,17.99992700757009,climate,CAM_surf_loc,LR
10,11,1.9587336267843323,0.9633080267573675,1.508136077878228,23.864675855552175,131.38701747927504,294.6161,294.41811128144076,18.000146616392605,climate,CAM_surf_loc,LR
11,12,2.01995350408478,0.9724805344988057,1.55635038608051,23.86421486266208,131.3826239881327,291.4363,291.34073590862147,17.999966729210254,climate,CAM_surf_loc,LR
